Top 10 High Volatility Stocks,High Volatility Value,Top 10 Low Volatility Stocks,Low Volatility Value
Adanient,0.025398346750218678,Sunpharma,0.011248788741527663
Adaniports,0.02330205796602868,Hindunilvr,0.011583295568734105
Bel,0.021864910675579413,Asianpaint,0.011710285690257326
Trent,0.021560252242677724,Nestleind,0.01177569668837706
Bpcl,0.021536893013695484,Itc,0.011828407393562352
Ongc,0.021198728414967363,Drreddy,0.01238181088614866
Coalindia,0.02099276854412747,Britannia,0.012461978684445795
Shriramfin,0.020702575431905883,Icicibank,0.012717361049035848
Hindalco,0.01922394742821329,Reliance,0.012860581950178394
M&M,0.01919681384175886,Tcs,0.01294754530014319
