ticker,date,daily_return,cumulative_return
Airtel_data,2023-11-02,0.011385406973562,0.01138540697356194
Airtel_data,2023-11-03,0.007468744926124,0.018939186600251512
Airtel_data,2023-11-06,0.00907869997314,0.028189829766270602
Airtel_data,2023-11-07,-0.002182708688245,0.025945590891674586
Airtel_data,2023-11-08,-0.000426826015046,0.025507690623460366
Airtel_data,2023-11-09,-0.004697091006138,0.020690787673107502
Airtel_data,2023-11-10,0.003378559553816,0.024139252285292567
Airtel_data,2023-11-12,0.002672367717798,0.026876128961629497
Airtel_data,2023-11-13,-0.00319829424307,0.023591876950025403
Airtel_data,2023-11-15,0.016042780748663,0.040013137008046984
Airtel_data,2023-11-16,-0.000473684210526,0.039520499206306736
Airtel_data,2023-11-17,-0.002369543467959,0.03705731019760283
Airtel_data,2023-11-20,0.014884408318379,0.052493294652143696
Airtel_data,2023-11-21,0.009829415435823,0.06283868848869756
Airtel_data,2023-11-22,-0.00113302775918,0.0616344627511094
Airtel_data,2023-11-23,0.007115235885537,0.06918824237779897
Airtel_data,2023-11-24,-0.00358367890237,0.06535661503092749
Airtel_data,2023-11-28,0.012074192056723,0.07821993540971128
Airtel_data,2023-11-29,0.010660980810235,0.08971481745032706
Airtel_data,2023-11-30,0.019389190275266,0.11084350539164833
Airtel_data,2023-12-01,0.0,0.11084350539164833
Airtel_data,2023-12-04,0.017936335862817,0.1307679675953819
Airtel_data,2023-12-05,-0.001742666279408,0.12879741638841868
Airtel_data,2023-12-06,-0.006449422946368,0.12151732442936236
Airtel_data,2023-12-07,-0.023866464932403,0.0947506705347867
Airtel_data,2023-12-08,0.00025,0.09502435820242039
Airtel_data,2023-12-11,0.000599850037491,0.09568120860474183
Airtel_data,2023-12-12,-0.005595244042564,0.08955060484974697
Airtel_data,2023-12-13,0.004672192916353,0.09464119546773397
Airtel_data,2023-12-14,0.005300530053005,0.100443374021568
Airtel_data,2023-12-15,-0.01258456028651,0.08659477803930304
Airtel_data,2023-12-18,-0.002317263613924,0.08407685149707267
Airtel_data,2023-12-19,-0.001817722797273,0.08210630029011057
Airtel_data,2023-12-20,-0.017097475846022,0.06360501395807217
Airtel_data,2023-12-21,0.006535947712418,0.07055668071596788
Airtel_data,2023-12-22,0.011913283566827,0.08331052602769828
Airtel_data,2023-12-26,0.010408771663888,0.09458645793420706
Airtel_data,2023-12-27,0.021353202980447,0.1179593847501248
Airtel_data,2023-12-28,0.015178221699961,0.1349280201434142
Airtel_data,2023-12-29,-0.004340696440629,0.13000164212600773
Airtel_data,2024-01-01,-0.018552606084092,0.10903716678526676
Airtel_data,2024-01-02,0.008538571640097,0.11850676008539285
Airtel_data,2024-01-03,0.013213271997651,0.1332858941376125
Airtel_data,2024-01-04,0.012268160741886,0.1471892276534046
Airtel_data,2024-01-05,-0.001240576390877,0.1457660517817092
Airtel_data,2024-01-08,0.002340913433977,0.14844819092451966
Airtel_data,2024-01-09,0.014727610695391,0.16536208878428216
Airtel_data,2024-01-10,-0.001690934711132,0.1633915375773194
Airtel_data,2024-01-11,0.000141149901195,0.16355575017789947
Airtel_data,2024-01-12,0.012701698264101,0.1783348842301189
Airtel_data,2024-01-15,0.024202164723371,0.20685313919755055
Airtel_data,2024-01-16,-0.005896226415094,0.19973725983907475
Airtel_data,2024-01-17,-0.00971803996715,0.18807816519787957
Airtel_data,2024-01-18,0.001658604008293,0.19004871640484233
Airtel_data,2024-01-19,0.034910997654202,0.23159450435163786
Airtel_data,2024-01-20,-0.001111111111111,0.23022606601346962
Airtel_data,2024-01-23,0.030478309232481,0.2677212764792867
Airtel_data,2024-01-24,0.02759067357513,0.3026985604028736
Airtel_data,2024-01-25,-0.024706920458843,0.2705128906891505
Airtel_data,2024-01-29,0.001378656671406,0.2722644917620065
Airtel_data,2024-01-30,-0.003011659424343,0.2684328644151346
Airtel_data,2024-01-31,0.010400034522936,0.28162460999507855
Airtel_data,2024-02-01,-0.016656701118989,0.2602769719196496
Airtel_data,2024-02-02,-0.000347463516331,0.2598390716514354
Airtel_data,2024-02-05,-0.032368786930831,0.21905960917401424
Airtel_data,2024-02-06,0.018409590947869,0.24150199791997684
Airtel_data,2024-02-07,0.000220448833826,0.24177568558761098
Airtel_data,2024-02-08,0.006920567751036,0.2503694783513093
Airtel_data,2024-02-09,-0.01917436413781,0.2263944386665977
Airtel_data,2024-02-12,-0.001383619727739,0.22469757512726907
Airtel_data,2024-02-13,-0.000759810494324,0.22376703705731416
Airtel_data,2024-02-14,-0.001789148812452,0.22157753571624528
Airtel_data,2024-02-15,0.004346462338128,0.22688707646833906
Airtel_data,2024-02-16,-0.000624609618988,0.2261207509989649
Airtel_data,2024-02-19,0.019821428571429,0.250424215884838
Airtel_data,2024-02-20,0.001532130975311,0.25234002955827406
Airtel_data,2024-02-21,-0.003540364526422,0.2479062893426076
Airtel_data,2024-02-22,-0.003816124221423,0.24314412392578122
Airtel_data,2024-02-23,-0.008630179208313,0.2324155673545405
Airtel_data,2024-02-26,-0.013946258050189,0.2152279818271441
Airtel_data,2024-02-27,0.015720012612045,0.2343313810279768
Airtel_data,2024-02-28,0.001108647450111,0.23569981936614548
Airtel_data,2024-02-29,-0.004784053156146,0.22978816574525784
Airtel_data,2024-03-01,0.004762540615125,0.23564508183261967
Airtel_data,2024-03-02,0.002126340037211,0.23827248344190322
Airtel_data,2024-03-04,0.002121828308726,0.24089988505118676
Airtel_data,2024-03-05,0.031230701367446,0.27965405878811844
Airtel_data,2024-03-06,0.021216528359997,0.30680387541738185
Airtel_data,2024-03-07,0.005026388539834,0.3133723794405905
Airtel_data,2024-03-11,-0.002583979328165,0.309978652361933
Airtel_data,2024-03-12,0.006393113822497,0.3183534949915241
Airtel_data,2024-03-13,-0.029478928793855,0.279489846187539
Airtel_data,2024-03-14,0.022117647058823,0.3077891510208626
Airtel_data,2024-03-15,0.021262347229198,0.3355958180524461
Airtel_data,2024-03-18,0.004344262295082,0.34139799660628056
Airtel_data,2024-03-19,0.002489186321717,0.34473698615141135
Airtel_data,2024-03-20,0.002808645744291,0.34851387596475636
Airtel_data,2024-03-21,-0.008930021107323,0.3364716185888732
Airtel_data,2024-03-22,0.012532765399738,0.3532213038480556
Airtel_data,2024-03-26,-0.018606908826147,0.32804203842575497
Airtel_data,2024-03-27,0.009644711895145,0.3408506212710125
Airtel_data,2024-03-28,0.00310254735467,0.3450106738190444
Airtel_data,2024-04-01,-0.009156763796191,0.33269472877552775
Airtel_data,2024-04-02,-0.007475253624676,0.32273249767366186
Airtel_data,2024-04-03,0.01444237533623,0.34183589687449367
Airtel_data,2024-04-04,-0.015378967120829,0.32119984673491286
Airtel_data,2024-04-05,-0.013133363715458,0.3038480486069359
Airtel_data,2024-04-08,0.011502938706969,0.31884613279326257
Airtel_data,2024-04-09,-0.000207520544534,0.31857244512562866
Airtel_data,2024-04-10,0.02071484910125,0.3458864743554724
Airtel_data,2024-04-12,-0.003131608914918,0.34167168427391315
Airtel_data,2024-04-15,-0.000815960181143,0.3405769336033786
Airtel_data,2024-04-16,-0.00661467477849,0.3317094531720468
Airtel_data,2024-04-18,0.040527765218464,0.3856806612294126
Airtel_data,2024-04-19,0.018368556191981,0.4111336143193465
Airtel_data,2024-04-22,0.006633048875097,0.42049373255241895
Airtel_data,2024-04-23,0.034526607837848,0.46953856259237736
Airtel_data,2024-04-24,-0.004432525049354,0.463024796102695
Airtel_data,2024-04-25,0.00172104160431,0.4655427226449249
Airtel_data,2024-04-26,-0.009486815567341,0.4516393891291337
Airtel_data,2024-04-29,0.004864253393665,0.4587005309540828
Airtel_data,2024-04-30,-0.007617546624639,0.44758881164815434
Airtel_data,2024-05-02,-0.01380170914316,0.42760961191089386
Airtel_data,2024-05-03,-0.020436332962693,0.3984345065411419
Airtel_data,2024-05-06,0.004697040864256,0.4050030105643512
Airtel_data,2024-05-07,0.002142745831385,0.40801357490832135
Airtel_data,2024-05-08,0.001904910002721,0.41069571405113137
Airtel_data,2024-05-09,-0.010204873506131,0.39629974273359836
Airtel_data,2024-05-10,0.02014975106825,0.4244348349663418
Airtel_data,2024-05-13,-0.011681973638704,0.40779462477421324
Airtel_data,2024-05-14,-0.001283098098682,0.4059882861678308
Airtel_data,2024-05-15,0.019933037452309,0.43401390333352197
Airtel_data,2024-05-16,0.026872280326742,0.472549126936346
Airtel_data,2024-05-17,-0.000483235447179,0.47183753900049785
Airtel_data,2024-05-18,0.002454535311838,0.4754502162132632
Airtel_data,2024-05-21,-0.002559821925431,0.47167332639991866
Airtel_data,2024-05-22,0.002677973666592,0.4756144288138435
Airtel_data,2024-05-23,0.019400549002151,0.5042421588483275
Airtel_data,2024-05-24,0.010516356755577,0.5200613060375558
Airtel_data,2024-05-27,-0.002988836874325,0.515518090754836
Airtel_data,2024-05-28,-0.009607396973309,0.5009579068367229
Airtel_data,2024-05-29,0.004412676415886,0.5075811483934589
Airtel_data,2024-05-30,3.6308183865e-05,0.5076358859269863
Airtel_data,2024-05-31,-0.00319500417529,0.5028189829766325
Airtel_data,2024-06-03,0.013367328355491,0.5229076577809462
Airtel_data,2024-06-04,-0.065703400186902,0.422847446494067
Airtel_data,2024-06-05,0.034354081711164,0.47172806393344535
Airtel_data,2024-06-06,0.019526165061182,0.5004652690349836
Airtel_data,2024-06-07,0.039873048300015,0.5602933931797103
Airtel_data,2024-06-10,0.000561305034204,0.5611691937161372
Airtel_data,2024-06-11,0.000841485221416,0.5624828945207794
Airtel_data,2024-06-12,0.007812226309336,0.5746893644972422
Airtel_data,2024-06-13,-0.008794493882091,0.5608407685149774
Airtel_data,2024-06-14,0.001157285639137,0.5626471071213595
Airtel_data,2024-06-18,0.000665545747513,0.5636871202583678
Airtel_data,2024-06-19,-0.025203906605524,0.5242760961191151
Airtel_data,2024-06-20,-0.008043954465472,0.5120148886091254
Airtel_data,2024-06-21,0.025268797741013,0.5502216870107899
Airtel_data,2024-06-24,0.00264821157445,0.5543270020252953
Airtel_data,2024-06-25,-0.003415974080856,0.5490174612732022
Airtel_data,2024-06-26,0.031485211491572,0.5977886036455269
Airtel_data,2024-06-27,0.01116820829051,0.6156330395752432
Airtel_data,2024-06-28,-0.021513755251389,0.5808747057857637
Airtel_data,2024-07-01,0.006890343132163,0.5917674749575847
Airtel_data,2024-07-02,-0.024105914718019,0.5533964639553408
Airtel_data,2024-07-03,0.000634271820712,0.5543817395588213
Airtel_data,2024-07-04,0.002253759199916,0.5578849417045335
Airtel_data,2024-07-05,0.004673061382242,0.5651650336635894
Airtel_data,2024-07-08,0.003811988529062,0.5711314248180039
Airtel_data,2024-07-09,0.000278716510469,0.5715693250862173
Airtel_data,2024-07-10,0.006617672669012,0.5819694564562978
Airtel_data,2024-07-11,-0.00491332479845,0.5741967266955006
Airtel_data,2024-07-12,-0.003268542021628,0.5690513985439871
Airtel_data,2024-07-15,0.003035060177917,0.5738135639608128
Airtel_data,2024-07-16,0.020102949360045,0.6054518583392692
Airtel_data,2024-07-18,0.011694510739857,0.624226832338941
Airtel_data,2024-07-19,-0.014760893741786,0.6002517926542283
Airtel_data,2024-07-22,0.002497007012143,0.6042476326016804
Airtel_data,2024-07-23,0.000204722260134,0.6045760578028412
Airtel_data,2024-07-24,-0.007163812512793,0.5930811757622252
Airtel_data,2024-07-25,-0.004157504123145,0.5864579342054892
Airtel_data,2024-07-26,0.045026394783149,0.6578904154578846
Airtel_data,2024-07-29,-0.02182382461701,0.6217089057967098
Airtel_data,2024-07-30,-0.007425659027239,0.6096666484208266
Airtel_data,2024-07-31,0.014418335770395,0.6328753626361645
Airtel_data,2024-08-01,0.00935268680232,0.6481471344901251
Airtel_data,2024-08-02,-0.00777150448356,0.6353385516448684
Airtel_data,2024-08-05,-0.018811085821395,0.604576057802841
Airtel_data,2024-08-06,-0.0151122330627,0.5803273304504959
Airtel_data,2024-08-07,-0.001246925981088,0.5783567792435338
Airtel_data,2024-08-08,0.00697069533553,0.5893590234824089
Airtel_data,2024-08-09,0.008472241355559,0.6028244567299872
Airtel_data,2024-08-12,-0.003756574004508,0.5968033280420457
Airtel_data,2024-08-13,0.000754147812971,0.5980075537796332
Airtel_data,2024-08-14,0.0082208673015,0.6111445618260503
Airtel_data,2024-08-16,0.008051912753958,0.6241173572718874
Airtel_data,2024-08-19,-0.009369417950187,0.608900322951454
Airtel_data,2024-08-20,-0.013948899397816,0.5864579342054905
Airtel_data,2024-08-21,0.009867853569334,0.6021128687941384
Airtel_data,2024-08-22,0.015647955174417,0.6271826591493859
Airtel_data,2024-08-23,0.013724896558684,0.6495155728282955
Airtel_data,2024-08-26,0.004513024722084,0.6569598773879322
Airtel_data,2024-08-27,0.006078424895114,0.6670315835568521
Airtel_data,2024-08-28,0.022065342308324,0.7038152060868212
Airtel_data,2024-08-29,0.006136151893854,0.7142700749904283
Airtel_data,2024-08-30,0.014783830385082,0.7396135530133086
Airtel_data,2024-09-02,-0.011138730688147,0.7202364661448428
Airtel_data,2024-09-03,-0.006841251153467,0.7084678964365934
Airtel_data,2024-09-04,0.00083301294374,0.7098910723082892
Airtel_data,2024-09-05,-0.009411614059799,0.6937982374514278
Airtel_data,2024-09-06,-0.005138314374354,0.6850949696206756
Airtel_data,2024-09-09,0.002208867955173,0.6888171219004939
Airtel_data,2024-09-10,0.022817878326257,0.7273523455033188
Airtel_data,2024-09-11,-3.1688690306e-05,0.7272976079697928
Airtel_data,2024-09-12,0.043700088731145,0.8027806667031672
Airtel_data,2024-09-13,-0.007469257628662,0.7893152334555902
Airtel_data,2024-09-16,0.000611826608339,0.7904099841261247
Airtel_data,2024-09-17,0.016081200892721,0.8192019267611903
Airtel_data,2024-09-18,-0.004122160373101,0.8117028846680263
Airtel_data,2024-09-19,0.006012447882047,0.8225956538398469
Airtel_data,2024-09-20,0.028170706069616,0.8739394602879287
Airtel_data,2024-09-23,0.022608441653279,0.9163063112376255
Airtel_data,2024-09-24,0.003541946356651,0.9230937653949411
Airtel_data,2024-09-25,0.002134745111434,0.9271990804094472
Airtel_data,2024-09-26,0.006078164053624,0.9389129125841693
Airtel_data,2024-09-27,-0.020608661283948,0.898954513109649
Airtel_data,2024-09-30,-0.014441369768246,0.871531008812753
Airtel_data,2024-10-01,-0.006346699423825,0.8596529640374504
Airtel_data,2024-10-03,-0.014864308000235,0.8320105096064478
Airtel_data,2024-10-04,-0.019450835101138,0.7963763752805411
Airtel_data,2024-10-07,0.012889268084588,0.8195303519623525
Airtel_data,2024-10-08,-0.002767666436028,0.8144944988778922
Airtel_data,2024-10-09,0.012458897704305,0.837101100224436
Airtel_data,2024-10-10,0.0,0.837101100224436
Airtel_data,2024-10-11,0.005541982003456,0.8472822814604088
Airtel_data,2024-10-14,0.004859547232428,0.8562592369587931
Airtel_data,2024-10-15,0.012768341589998,0.8799605889758719
Airtel_data,2024-10-16,0.009724850778862,0.898242925173804
Airtel_data,2024-10-17,-0.018916347068831,0.8623351031802633
Airtel_data,2024-10-18,0.003938512182935,0.8696699326728461
Airtel_data,2024-10-21,-0.008958632198378,0.8529202474136639
Airtel_data,2024-10-22,-0.000177247348675,0.8525918222125037
Airtel_data,2024-10-23,-0.003811493573645,0.8455306803875535
Airtel_data,2024-10-24,-0.004359947799264,0.8374842629591237
Airtel_data,2024-10-25,-0.007417557865888,0.8238546171109657
Airtel_data,2024-10-28,-0.001590636254502,0.8209535278340483
Airtel_data,2024-10-29,-0.015781404995942,0.7922163227325096
Airtel_data,2024-10-30,-0.00229063588052,0.7881110077180049
Airtel_data,2024-10-31,-0.01270395200049,0.7653949313044075
Airtel_data,2024-11-01,0.002387448840382,0.7696097213859663
Airtel_data,2024-11-04,-0.015589718209657,0.7420220044884893
Airtel_data,2024-11-05,-0.008075412411626,0.7279544583721174
Airtel_data,2024-11-06,0.012924480486569,0.7502873720510275
Airtel_data,2024-11-07,-0.014385789342007,0.7251081066287264
Airtel_data,2024-11-08,-0.003744129965732,0.7186490776725705
Airtel_data,2024-11-11,-0.005955793362635,0.7084131589030696
Airtel_data,2024-11-12,-0.003139918618436,0.7030488806174489
Airtel_data,2024-11-13,-0.003342654195995,0.6973561771306684
Airtel_data,2024-11-14,3.224870199e-05,0.6974109146641956
Airtel_data,2024-11-18,-0.008706868752015,0.6826317806119768
Airtel_data,2024-11-19,-0.007482108002602,0.6700421479008276
Airtel_data,2024-11-21,-0.000229432972796,0.6696589851661401
Bajaj-Auto_data,2023-11-02,-0.004855595161245,-0.004855595161245008
Bajaj-Auto_data,2023-11-03,0.009504738267148,0.004602991944764101
Bajaj-Auto_data,2023-11-06,0.007059108391771,0.011694593355599636
Bajaj-Auto_data,2023-11-07,0.00224714944931,0.013968022303928462
Bajaj-Auto_data,2023-11-08,-0.003949068093744,0.009963793538971366
Bajaj-Auto_data,2023-11-09,0.00394619831036,0.013949310954559646
Bajaj-Auto_data,2023-11-10,-0.004954880141726,0.008925313648994182
Bajaj-Auto_data,2023-11-12,0.009365640155414,0.018374545080318994
Bajaj-Auto_data,2023-11-13,-0.00318784393345,0.01512812596480484
Bajaj-Auto_data,2023-11-15,0.020552237705522,0.0359912805111946
Bajaj-Auto_data,2023-11-16,0.002564704607438,0.03864829212158716
Bajaj-Auto_data,2023-11-17,0.014520167900701,0.05372963971296896
Bajaj-Auto_data,2023-11-20,0.003311728669093,0.05721930637027928
Bajaj-Auto_data,2023-11-21,0.006336114970399,0.063917969444367
Bajaj-Auto_data,2023-11-22,0.011537210140786,0.07619261463040505
Bajaj-Auto_data,2023-11-23,0.030200554633099,0.10869422848428822
Bajaj-Auto_data,2023-11-24,0.000852284713725,0.10963915162742044
Bajaj-Auto_data,2023-11-28,0.011441242432929,0.12233480217425963
Bajaj-Auto_data,2023-11-29,0.011970357526904,0.1357695510211725
Bajaj-Auto_data,2023-11-30,0.003393767658712,0.13962408899117795
Bajaj-Auto_data,2023-12-01,-0.007306400899755,0.13129753852199033
Bajaj-Auto_data,2023-12-04,0.025744080846172,0.16042175381477586
Bajaj-Auto_data,2023-12-05,-0.009932760372156,0.14889556260349668
Bajaj-Auto_data,2023-12-06,-0.011424895360011,0.13576955102117072
Bajaj-Auto_data,2023-12-07,0.003896242967405,0.14019478514692962
Bajaj-Auto_data,2023-12-08,-0.00293750820533,0.13684545360988598
Bajaj-Auto_data,2023-12-11,0.010319798541732,0.14857746966422392
Bajaj-Auto_data,2023-12-12,0.018864850775446,0.170245212233479
Bajaj-Auto_data,2023-12-13,0.009897348981485,0.18182753749286573
Bajaj-Auto_data,2023-12-14,0.002968604043635,0.1853359154995462
Bajaj-Auto_data,2023-12-15,-0.009416166128638,0.17417459560096127
Bajaj-Auto_data,2023-12-18,0.030357598164202,0.20981971614882955
Bajaj-Auto_data,2023-12-19,-0.007222729170855,0.20108151599352597
Bajaj-Auto_data,2023-12-20,-0.008498208443683,0.19087447491275822
Bajaj-Auto_data,2023-12-21,-0.018556198885999,0.16877637130801748
Bajaj-Auto_data,2023-12-22,0.020131756946056,0.19230589313948365
Bajaj-Auto_data,2023-12-26,0.01450856075705,0.20960453563108672
Bajaj-Auto_data,2023-12-27,0.037914472005012,0.25546605293440705
Bajaj-Auto_data,2023-12-28,-0.000946398098261,0.25427788224947867
Bajaj-Auto_data,2023-12-29,0.014015484910417,0.271857194981616
Bajaj-Auto_data,2024-01-01,-0.01414542645923,0.25386623256336094
Bajaj-Auto_data,2024-01-02,-0.005379713778335,0.24712079111585084
Bajaj-Auto_data,2024-01-03,0.048229195579928,0.3072684236623715
Bajaj-Auto_data,2024-01-04,-0.009210620482359,0.29522767034344577
Bajaj-Auto_data,2024-01-05,0.008140534371546,0.305771515712854
Bajaj-Auto_data,2024-01-08,0.000766640395501,0.306772572904094
Bajaj-Auto_data,2024-01-09,0.015757784030298,0.3273644128846336
Bajaj-Auto_data,2024-01-10,-0.005659792215847,0.3198518061129969
Bajaj-Auto_data,2024-01-11,0.034747474747475,0.36571332341631746
Bajaj-Auto_data,2024-01-12,0.000424724442892,0.36629337524675587
Bajaj-Auto_data,2024-01-15,0.004129034025158,0.3719348470814978
Bajaj-Auto_data,2024-01-16,-0.00520314780213,0.36479646729724013
Bajaj-Auto_data,2024-01-17,-0.017548790435909,0.34084594010497193
Bajaj-Auto_data,2024-01-18,-0.011491846859104,0.3254371438996342
Bajaj-Auto_data,2024-01-19,0.007475012705404,0.3353448033904982
Bajaj-Auto_data,2024-01-20,-0.005801122391071,0.3275983047517492
Bajaj-Auto_data,2024-01-23,0.000105706010444,0.32773863987201657
Bajaj-Auto_data,2024-01-24,0.016481348384278,0.3496215629590147
Bajaj-Auto_data,2024-01-25,0.053328434668682,0.42159476830671894
Bajaj-Auto_data,2024-01-29,-0.006410003290556,0.4124823411640357
Bajaj-Auto_data,2024-01-30,0.002331496396778,0.41577553865297223
Bajaj-Auto_data,2024-01-31,0.013368312539649,0.4347020685396752
Bajaj-Auto_data,2024-02-01,-0.001538953120619,0.43249412931413755
Bajaj-Auto_data,2024-02-02,0.010769682918068,0.44792163686884456
Bajaj-Auto_data,2024-02-05,-0.010331860122509,0.4329619130483615
Bajaj-Auto_data,2024-02-06,0.008115431071067,0.44459101668116974
Bajaj-Auto_data,2024-02-07,-0.002396248899021,0.44112941704791186
Bajaj-Auto_data,2024-02-08,0.007186538386632,0.4514861489236315
Bajaj-Auto_data,2024-02-09,0.003557961906604,0.45665048134946495
Bajaj-Auto_data,2024-02-12,0.005793303660315,0.4650892999148666
Bajaj-Auto_data,2024-02-13,0.011168653695107,0.4814523749380224
Bajaj-Auto_data,2024-02-14,0.020953848485614,0.5124945035411268
Bajaj-Auto_data,2024-02-15,0.004917546051736,0.519932264915288
Bajaj-Auto_data,2024-02-16,0.024867506663138,0.5577291906405875
Bajaj-Auto_data,2024-02-19,0.022180046966685,0.5922796972503721
Bajaj-Auto_data,2024-02-20,-0.025206529019824,0.552143852853954
Bajaj-Auto_data,2024-02-21,-0.007588726010223,0.5403650584261934
Bajaj-Auto_data,2024-02-22,0.032336238573902,0.5901746704463651
Bajaj-Auto_data,2024-02-23,-0.007236613735446,0.5786671905844545
Bajaj-Auto_data,2024-02-26,0.001309715003645,0.580734794689725
Bajaj-Auto_data,2024-02-27,0.001834753787879,0.5836350538419139
Bajaj-Auto_data,2024-02-28,-0.03247474449105,0.5322069101013276
Bajaj-Auto_data,2024-02-29,-0.03410818633108,0.47994611131382303
Bajaj-Auto_data,2024-03-01,0.016524746028435,0.5044018449390539
Bajaj-Auto_data,2024-03-02,0.000155471669952,0.5046357368061654
Bajaj-Auto_data,2024-03-04,0.020643428301394,0.5356965767586388
Bajaj-Auto_data,2024-03-05,0.01760018520098,0.5627251209221018
Bajaj-Auto_data,2024-03-06,0.030418774508336,0.6102613039939433
Bajaj-Auto_data,2024-03-07,0.031751841781124,0.6613900661446255
Bajaj-Auto_data,2024-03-11,-0.024738006881367,0.620290587255705
Bajaj-Auto_data,2024-03-12,-0.015208905928817,0.5956477401367855
Bajaj-Auto_data,2024-03-13,-0.01674542960001,0.5689279332379098
Bajaj-Auto_data,2024-03-14,-0.000161003709048,0.5686753300214293
Bajaj-Auto_data,2024-03-15,-0.003918387795146,0.5625286517537267
Bajaj-Auto_data,2024-03-18,0.020489300298178,0.5945437705240162
Bajaj-Auto_data,2024-03-19,0.013893778309747,0.6166980081768649
Bajaj-Auto_data,2024-03-20,-0.000532395083447,0.615837286105893
Bajaj-Auto_data,2024-03-21,0.013316966973922,0.6373553378801968
Bajaj-Auto_data,2024-03-22,0.022244188969899,0.6737769794268766
Bajaj-Auto_data,2024-03-26,0.001710404963528,0.6766398158803271
Bajaj-Auto_data,2024-03-27,0.022537679048719,0.7144273859309413
Bajaj-Auto_data,2024-03-28,-0.001566166439291,0.711742307296495
Bajaj-Auto_data,2024-04-01,-0.011587042188858,0.6919082769653975
Bajaj-Auto_data,2024-04-02,0.025873271290567,0.7356834788140789
Bajaj-Auto_data,2024-04-03,-0.021091838164746,0.6990747237737089
Bajaj-Auto_data,2024-04-04,0.007235324240539,0.7113680803091158
Bajaj-Auto_data,2024-04-05,-0.01494071275892,0.6857990213964331
Bajaj-Auto_data,2024-04-08,0.002330872967423,0.6897284047639141
Bajaj-Auto_data,2024-04-09,-0.005713969326172,0.6800733484895316
Bajaj-Auto_data,2024-04-10,0.002968069585361,0.6850599230963592
Bajaj-Auto_data,2024-04-12,0.006584828244805,0.6961557532721532
Bajaj-Auto_data,2024-04-15,-0.007479439814228,0.6834694583999974
Bajaj-Auto_data,2024-04-16,-0.008658393584564,0.6688933172415774
Bajaj-Auto_data,2024-04-18,0.011452885084341,0.6880069606219699
Bajaj-Auto_data,2024-04-19,-0.024032013124494,0.6474407551900654
Bajaj-Auto_data,2024-04-22,-0.000993809983531,0.6458035121202816
Bajaj-Auto_data,2024-04-23,5.684563568e-06,0.6458128677949668
Bajaj-Auto_data,2024-04-24,-0.011221264694513,0.627344765967804
Bajaj-Auto_data,2024-04-25,0.004346276344988,0.6344176560292698
Bajaj-Auto_data,2024-04-26,0.027407297164249,0.6792126264185592
Bajaj-Auto_data,2024-04-29,-0.023868156847888,0.639132916070247
Bajaj-Auto_data,2024-04-30,0.016386799237452,0.6659930580893894
Bajaj-Auto_data,2024-05-02,0.023248892308211,0.7047255512831367
Bajaj-Auto_data,2024-05-03,-0.000554296345486,0.7037806281400039
Bajaj-Auto_data,2024-05-06,-0.005826085046565,0.6938542572997703
Bajaj-Auto_data,2024-05-07,-0.041386128770346,0.6237521868889633
Bajaj-Auto_data,2024-05-08,0.00823932057295,0.6371308016877701
Bajaj-Auto_data,2024-05-09,0.01113790659931,0.655365011647822
Bajaj-Auto_data,2024-05-10,0.015254016966491,0.6806159776212335
Bajaj-Auto_data,2024-05-13,0.00116903070654,0.6825806693049743
Bajaj-Auto_data,2024-05-14,0.008112496246789,0.6962305986696304
Bajaj-Auto_data,2024-05-15,-0.017881470450346,0.6658995013425466
Bajaj-Auto_data,2024-05-16,-0.003515609643778,0.6600428489900618
Bajaj-Auto_data,2024-05-17,-0.010274069106218,0.6429874540402549
Bajaj-Auto_data,2024-05-18,0.003775325429635,0.6491902663560645
Bajaj-Auto_data,2024-05-21,0.000777185906273,0.6504719937878392
Bajaj-Auto_data,2024-05-22,-0.001717550761278,0.6476372243584407
Bajaj-Auto_data,2024-05-23,0.017931872512223,0.6771824450120294
Bajaj-Auto_data,2024-05-24,-0.001701353831393,0.674328964233263
Bajaj-Auto_data,2024-05-27,0.005643593124874,0.6837781956645872
Bajaj-Auto_data,2024-05-28,-0.000994588107171,0.6821035298960654
Bajaj-Auto_data,2024-05-29,0.008949080897689,0.6971568104633936
Bajaj-Auto_data,2024-05-30,-0.011212542171066,0.678127368155161
Bajaj-Auto_data,2024-05-31,0.012962033784914,0.6998793117965767
Bajaj-Auto_data,2024-06-03,0.027595696084097,0.7467886646645592
Bajaj-Auto_data,2024-06-04,-0.009501416643011,0.7301916977742924
Bajaj-Auto_data,2024-06-05,0.038445940465569,0.7967105447809446
Bajaj-Auto_data,2024-06-06,0.010330912025827,0.8152722033549522
Bajaj-Auto_data,2024-06-07,0.002484164738261,0.8197816385528718
Bajaj-Auto_data,2024-06-10,0.000771164612798,0.8211849897555432
Bajaj-Auto_data,2024-06-11,0.008183457395164,0.8360885795279198
Bajaj-Auto_data,2024-06-12,0.009329746145301,0.8532188198752018
Bajaj-Auto_data,2024-06-13,0.001933513390716,0.8568020432793573
Bajaj-Auto_data,2024-06-14,0.003864602857891,0.8639778457623526
Bajaj-Auto_data,2024-06-18,-0.004371721836023,0.8558290531121702
Bajaj-Auto_data,2024-06-19,-0.023431671069347,0.8123438771787082
Bajaj-Auto_data,2024-06-20,-0.005554523116315,0.8022771712182071
Bajaj-Auto_data,2024-06-21,-0.003088662790698,0.796710544780941
Bajaj-Auto_data,2024-06-24,0.014892342940457,0.8234677743785543
Bajaj-Auto_data,2024-06-25,-0.008752982222108,0.8075069933668322
Bajaj-Auto_data,2024-06-26,-0.019182293904213,0.7728348629861492
Bajaj-Auto_data,2024-06-27,-0.006037162322619,0.762131971147104
Bajaj-Auto_data,2024-06-28,0.008940849168299,0.7778869273157676
Bajaj-Auto_data,2024-07-01,0.003236280014524,0.7836406672467231
Bajaj-Auto_data,2024-07-02,-0.01375833997734,0.7591007325493331
Bajaj-Auto_data,2024-07-03,0.002249700837655,0.7630581829408687
Bajaj-Auto_data,2024-07-04,0.004080701307523,0.7702526967732346
Bajaj-Auto_data,2024-07-05,0.018491995962308,0.8029882024942301
Bajaj-Auto_data,2024-07-08,-0.011042155295876,0.7830793267656564
Bajaj-Auto_data,2024-07-09,0.000493210485445,0.7839587601859972
Bajaj-Auto_data,2024-07-10,0.000875803694109,0.7855211578583061
Bajaj-Auto_data,2024-07-11,-0.007927733443717,0.7713660220606886
Bajaj-Auto_data,2024-07-12,-0.003808044957113,0.7646205806131792
Bajaj-Auto_data,2024-07-15,0.025724359144289,0.8100143141822764
Bajaj-Auto_data,2024-07-16,0.00465195614756,0.8184344213983081
Bajaj-Auto_data,2024-07-18,-0.009482062284235,0.8011919129548126
Bajaj-Auto_data,2024-07-19,-0.024947539008124,0.756256607445255
Bajaj-Auto_data,2024-07-22,0.002519696784057,0.7606818415710137
Bajaj-Auto_data,2024-07-23,-0.002890634132863,0.7555923545426566
Bajaj-Auto_data,2024-07-24,-0.013034905409006,0.7327083742644189
Bajaj-Auto_data,2024-07-25,0.001949201961081,0.7360857728255166
Bajaj-Auto_data,2024-07-26,0.023134750626465,0.7762496842459887
Bajaj-Auto_data,2024-07-29,0.006820887189373,0.78836528296239
Bajaj-Auto_data,2024-07-30,0.000701009139276,0.7896189433701106
Bajaj-Auto_data,2024-07-31,0.010439810337347,0.8083022257150181
Bajaj-Auto_data,2024-08-01,0.006860371267151,0.8207078503466383
Bajaj-Auto_data,2024-08-02,-0.011746570063203,0.7993207780179177
Bajaj-Auto_data,2024-08-05,-0.013638443459995,0.7747808433205261
Bajaj-Auto_data,2024-08-06,-0.006077985883047,0.7639937504093217
Bajaj-Auto_data,2024-08-07,0.029785518806882,0.816535219437361
Bajaj-Auto_data,2024-08-08,-0.00689108176593,0.8040173267095265
Bajaj-Auto_data,2024-08-09,0.012928754421084,0.8273410236979346
Bajaj-Auto_data,2024-08-12,-0.005642052232502,0.8170310701956371
Bajaj-Auto_data,2024-08-13,-0.004041870691031,0.8096868655683207
Bajaj-Auto_data,2024-08-14,0.008064849662931,0.82428171807611
Bajaj-Auto_data,2024-08-16,0.014210839419053,0.8502062926268037
Bajaj-Auto_data,2024-08-19,-0.01188291035229,0.8282204571182767
Bajaj-Auto_data,2024-08-20,0.0009262433922,0.8299138342361674
Bajaj-Auto_data,2024-08-21,0.007392864811804,0.8434421398299252
Bajaj-Auto_data,2024-08-22,0.006313438895656,0.8550805991374189
Bajaj-Auto_data,2024-08-23,0.049651005628291,0.9471872164061244
Bajaj-Auto_data,2024-08-26,0.002508059905155,0.9520708785914229
Bajaj-Auto_data,2024-08-27,0.006618707794355,0.9649910653306892
Bajaj-Auto_data,2024-08-28,0.014773939209263,0.9940217238766298
Bajaj-Auto_data,2024-08-29,0.014178806859502,1.0222945727731276
Bajaj-Auto_data,2024-08-30,0.007744370989605,1.0379559721949474
Bajaj-Auto_data,2024-09-02,0.02153504322158,1.0818434421398426
Bajaj-Auto_data,2024-09-03,-0.007410503231141,1.0664159345851356
Bajaj-Auto_data,2024-09-04,-0.007239454347068,1.0514562107646528
Bajaj-Auto_data,2024-09-05,-0.009846128587977,1.03125730912086
Bajaj-Auto_data,2024-09-06,-0.002362803122769,1.026457848007722
Bajaj-Auto_data,2024-09-09,0.001615866889502,1.0297323341472895
Bajaj-Auto_data,2024-09-10,0.0129199085512,1.0559562902878863
Bajaj-Auto_data,2024-09-11,0.039407522013151,1.1369764330554823
Bajaj-Auto_data,2024-09-12,0.026508766937373,1.1936250432700088
Bajaj-Auto_data,2024-09-13,0.001164328059027,1.1961791424588726
Bajaj-Auto_data,2024-09-16,-0.004157738462915,1.1870480039668196
Bajaj-Auto_data,2024-09-17,0.02241120431883,1.2360623836388096
Bajaj-Auto_data,2024-09-18,-0.015535174849167,1.2013247635353355
Bajaj-Auto_data,2024-09-19,0.008784791727761,1.2206629431081564
Bajaj-Auto_data,2024-09-20,0.006209976407145,1.2344532075930794
Bajaj-Auto_data,2024-09-23,0.033265782928729,1.3087840429612734
Bajaj-Auto_data,2024-09-24,0.008485324926351,1.3283748257505743
Bajaj-Auto_data,2024-09-25,-0.003728809473105,1.319692759643376
Bajaj-Auto_data,2024-09-26,0.018100788481316,1.3616810276273212
Bajaj-Auto_data,2024-09-27,0.003545495240321,1.3700543564699306
Bajaj-Auto_data,2024-09-30,-0.025299216825617,1.3100938374170998
Bajaj-Auto_data,2024-10-01,-0.015268164863781,1.274822943856611
Bajaj-Auto_data,2024-10-03,-0.028871185980613,1.209146107571561
Bajaj-Auto_data,2024-10-04,-0.002714617857188,1.2031491200988098
Bajaj-Auto_data,2024-10-07,-0.013363738279658,1.1737068118667504
Bajaj-Auto_data,2024-10-08,0.023418165541166,1.2246110378250061
Bajaj-Auto_data,2024-10-09,-0.005971856574509,1.2113259797730453
Bajaj-Auto_data,2024-10-10,0.001176161988814,1.2139268573353315
Bajaj-Auto_data,2024-10-11,0.003799019607843,1.2223376088766789
Bajaj-Auto_data,2024-10-14,0.001881796252405,1.2265195954606414
Bajaj-Auto_data,2024-10-15,-0.031749766793005,1.15582811754471
Bajaj-Auto_data,2024-10-16,0.008284511565334,1.1736881005173814
Bajaj-Auto_data,2024-10-17,-0.128906468565329,0.8934856437172081
Bajaj-Auto_data,2024-10-18,-0.005484487793309,0.8831008448174351
Bajaj-Auto_data,2024-10-21,0.043377600246424,0.9647852404876289
Bajaj-Auto_data,2024-10-22,-0.012585114994524,0.9400581922965487
Bajaj-Auto_data,2024-10-23,0.021064103738782,0.9809237793183572
Bajaj-Auto_data,2024-10-24,-0.026849599735518,0.9277367687370897
Bajaj-Auto_data,2024-10-25,-0.009356952196069,0.9096990279454122
Bajaj-Auto_data,2024-10-28,-0.019091523696613,0.8732399636999935
Bajaj-Auto_data,2024-10-29,-0.016021975277812,0.8432269593121826
Bajaj-Auto_data,2024-10-30,0.009115964612191,0.8600297510455088
Bajaj-Auto_data,2024-10-31,-0.010497301484309,0.8405044579789998
Bajaj-Auto_data,2024-11-01,0.00403098726147,0.8479235080037921
Bajaj-Auto_data,2024-11-04,-0.03548013102537,0.7823589398149562
Bajaj-Auto_data,2024-11-05,0.036669798594307,0.8477176831607331
Bajaj-Auto_data,2024-11-06,0.01474959113303,0.8749707635166235
Bajaj-Auto_data,2024-11-07,-0.016351479467092,0.8443122175755835
Bajaj-Auto_data,2024-11-08,0.005453171209285,0.8543695678613992
Bajaj-Auto_data,2024-11-11,0.000903091701647,0.8560442336299217
Bajaj-Auto_data,2024-11-12,-0.024260662240973,0.8110153713735206
Bajaj-Auto_data,2024-11-13,-0.023407069131185,0.768624809378142
Bajaj-Auto_data,2024-11-14,0.003258517903334,0.7743879049837814
Bajaj-Auto_data,2024-11-18,0.003537928598168,0.7806655626970671
Bajaj-Auto_data,2024-11-19,0.003068354962434,0.7861292767128039
Bajaj-Auto_data,2024-11-21,-0.004263699885813,0.7785137575196361
Bel_data,2023-11-02,0.017749244712991,0.017749244712990997
Bel_data,2023-11-03,0.008905380333952,0.026812688821752584
Bel_data,2023-11-06,0.012504597278411,0.039652567975831055
Bel_data,2023-11-07,0.002905920813658,0.04267371601208492
Bel_data,2023-11-08,0.017022817819631,0.06042296072507636
Bel_data,2023-11-09,-0.017450142450143,0.04191842900302145
Bel_data,2023-11-10,0.006161652772744,0.04833836858006091
Bel_data,2023-11-12,0.005763688760807,0.05438066465256863
Bel_data,2023-11-13,0.027220630372493,0.08308157099697966
Bel_data,2023-11-15,-0.002440725244072,0.0804380664652582
Bel_data,2023-11-16,-0.003145753233135,0.07703927492447304
Bel_data,2023-11-17,0.024544179523142,0.10347432024169412
Bel_data,2023-11-20,-0.015400410677618,0.08648036253776659
Bel_data,2023-11-21,-0.006951685783803,0.07892749244713171
Bel_data,2023-11-22,-0.007000350017501,0.07137462235649705
Bel_data,2023-11-23,-0.017624250969334,0.05249244712991086
Bel_data,2023-11-24,0.007176175098672,0.06004531722054507
Bel_data,2023-11-28,0.006768792304952,0.06722054380664777
Bel_data,2023-11-29,-0.002123142250531,0.06495468277945715
Bel_data,2023-11-30,0.034751773049645,0.10196374622356541
Bel_data,2023-12-01,0.010623714873201,0.1136706948640489
Bel_data,2023-12-04,0.04136995591726,0.15974320241691897
Bel_data,2023-12-05,-0.010094431781179,0.14803625377643526
Bel_data,2023-12-06,0.027302631578947,0.17938066465256797
Bel_data,2023-12-07,0.026897214217099,0.21110271903323263
Bel_data,2023-12-08,-0.009978172747116,0.19901812688821718
Bel_data,2023-12-11,0.015748031496063,0.21790030211480316
Bel_data,2023-12-12,-0.002790697674419,0.21450151057401712
Bel_data,2023-12-13,0.012748756218905,0.22998489425981727
Bel_data,2023-12-14,0.007061713233037,0.23867069486404757
Bel_data,2023-12-15,0.030792682926829,0.27681268882175125
Bel_data,2023-12-18,0.02159124519373,0.3043806646525673
Bel_data,2023-12-19,0.002026635784598,0.3070241691842899
Bel_data,2023-12-20,-0.03351632476163,0.26321752265860954
Bel_data,2023-12-21,0.020328849028401,0.28889728096676714
Bel_data,2023-12-22,0.02431878113097,0.3202416918429003
Bel_data,2023-12-26,0.040903890160183,0.37424471299093653
Bel_data,2023-12-27,-0.009618026930475,0.3610271903323268
Bel_data,2023-12-28,0.013873473917869,0.37990936555891275
Bel_data,2023-12-29,0.008210180623974,0.39123867069486495
Bel_data,2024-01-01,0.004071661237785,0.3969033232628407
Bel_data,2024-01-02,-0.015139226818059,0.37575528700906413
Bel_data,2024-01-03,0.001097996157013,0.3772658610271904
Bel_data,2024-01-04,0.024952015355086,0.4116314199395765
Bel_data,2024-01-05,-0.005082932049224,0.40445619335347405
Bel_data,2024-01-08,-0.012637805861791,0.38670694864048283
Bel_data,2024-01-09,0.005718954248366,0.394637462235649
Bel_data,2024-01-10,0.005144868670458,0.40181268882175236
Bel_data,2024-01-11,-0.006734913793103,0.39237160120845993
Bel_data,2024-01-12,-0.004610794684025,0.3859516616314205
Bel_data,2024-01-15,0.028065395095368,0.42484894259818806
Bel_data,2024-01-16,-0.009806520010602,0.4108761329305137
Bel_data,2024-01-17,-0.006156316916488,0.40219033232628454
Bel_data,2024-01-18,0.013735523835174,0.4214501510574027
Bel_data,2024-01-19,0.019394261424017,0.4490181268882185
Bel_data,2024-01-20,0.008079228563982,0.46072507552870134
Bel_data,2024-01-23,-0.032574974146846,0.41314199395770435
Bel_data,2024-01-24,0.011491181186531,0.42938066465256797
Bel_data,2024-01-25,0.002377807133421,0.4327794561933529
Bel_data,2024-01-29,0.00632577754349,0.4418429003021145
Bel_data,2024-01-30,-0.01571503404924,0.41918429003021185
Bel_data,2024-01-31,-0.010643959552954,0.40407854984894254
Bel_data,2024-02-01,-0.013448090371167,0.3851963746223568
Bel_data,2024-02-02,0.006543075245365,0.3942598187311177
Bel_data,2024-02-05,-0.016522210184182,0.37122356495468267
Bel_data,2024-02-06,0.008537592949601,0.3829305135951666
Bel_data,2024-02-07,-0.007646095030038,0.37235649546827876
Bel_data,2024-02-08,0.017061089708311,0.3957703927492464
Bel_data,2024-02-09,-0.02245670995671,0.3644259818731135
Bel_data,2024-02-12,-0.033213396069748,0.3191087613293069
Bel_data,2024-02-13,0.011165187517893,0.33383685800604423
Bel_data,2024-02-14,0.028312570781427,0.3716012084592164
Bel_data,2024-02-15,0.023953744493392,0.40445619335347605
Bel_data,2024-02-16,0.012637805861791,0.4222054380664675
Bel_data,2024-02-19,0.002389803505045,0.42560422960725264
Bel_data,2024-02-20,0.010066225165563,0.43995468277945826
Bel_data,2024-02-21,-0.010228166797797,0.4252265861027211
Bel_data,2024-02-22,0.032061473237944,0.4709214501510599
Bel_data,2024-02-23,0.054172015404365,0.550604229607254
Bel_data,2024-02-26,-0.005114466634194,0.5426737160120876
Bel_data,2024-02-27,0.005385556915545,0.5509818731117859
Bel_data,2024-02-28,0.001460920379839,0.5532477341389759
Bel_data,2024-02-29,-0.00267444687576,0.5490936555891266
Bel_data,2024-03-01,0.00243783520234,0.5528700906344433
Bel_data,2024-03-02,0.005593385214008,0.5615558912386731
Bel_data,2024-03-04,0.013784764207981,0.5830815709969817
Bel_data,2024-03-05,0.005486641221374,0.5917673716012113
Bel_data,2024-03-06,-0.001423487544484,0.5895015105740209
Bel_data,2024-03-07,0.022570681872179,0.6253776435045351
Bel_data,2024-03-11,-0.012314126394052,0.6053625377643537
Bel_data,2024-03-12,-0.039049635379911,0.5426737160120869
Bel_data,2024-03-13,-0.068298653610771,0.43731117824773635
Bel_data,2024-03-14,0.026011560693642,0.47469788519637746
Bel_data,2024-03-15,-0.032778489116517,0.4263595166163172
Bel_data,2024-03-18,0.005559968228753,0.4342900302114834
Bel_data,2024-03-19,-0.023696682464455,0.4003021148036283
Bel_data,2024-03-20,0.011057173678533,0.41578549848942914
Bel_data,2024-03-21,0.05014670578821,0.4867824773413927
Bel_data,2024-03-22,0.003302006604013,0.49169184290030477
Bel_data,2024-03-26,0.009620253164557,0.5060422960725104
Bel_data,2024-03-27,0.00025075225677,0.5064199395770417
Bel_data,2024-03-28,0.010278265229381,0.5219033232628425
Bel_data,2024-04-01,0.047642679900744,0.5944108761329325
Bel_data,2024-04-02,0.046897205116059,0.6691842900302141
Bel_data,2024-04-03,0.002262443438914,0.6729607250755312
Bel_data,2024-04-04,-0.005417607223476,0.6638972809667705
Bel_data,2024-04-05,0.019064911484339,0.6956193353474345
Bel_data,2024-04-08,-0.004231625835189,0.6884441087613322
Bel_data,2024-04-09,0.020577052113621,0.7231873111782505
Bel_data,2024-04-10,0.002629848783695,0.7277190332326315
Bel_data,2024-04-12,0.020765027322404,0.7635951661631446
Bel_data,2024-04-15,0.00406852248394,0.7707703927492473
Bel_data,2024-04-16,-0.0042653017701,0.7632175226586133
Bel_data,2024-04-18,-0.009852216748768,0.7458459214501549
Bel_data,2024-04-19,0.009301319489509,0.7620845921450192
Bel_data,2024-04-22,0.0,0.7620845921450192
Bel_data,2024-04-23,0.004500642948993,0.7700151057401861
Bel_data,2024-04-24,0.009174311926606,0.7862537764350508
Bel_data,2024-04-25,0.004651162790698,0.7945619335347494
Bel_data,2024-04-26,0.005681818181818,0.8047583081571055
Bel_data,2024-04-29,-0.014856664574179,0.7779456193353527
Bel_data,2024-04-30,-0.007009345794393,0.7654833836858048
Bel_data,2024-05-02,0.00427807486631,0.773036253776439
Bel_data,2024-05-03,-0.002768903088392,0.7681268882175265
Bel_data,2024-05-06,-0.009611277231952,0.7511329305135992
Bel_data,2024-05-07,-0.019193444037093,0.7175226586102759
Bel_data,2024-05-08,0.018469656992084,0.7492447129909396
Bel_data,2024-05-09,-0.023316062176166,0.7084592145015132
Bel_data,2024-05-10,0.003978779840849,0.7152567975830846
Bel_data,2024-05-13,-0.010347864376926,0.6975075528700942
Bel_data,2024-05-14,0.027586206896552,0.7443353474320284
Bel_data,2024-05-15,0.008226888936999,0.7586858006042332
Bel_data,2024-05-16,0.021687781833799,0.796827794561938
Bel_data,2024-05-17,0.043295502311896,0.8746223564954732
Bel_data,2024-05-18,0.042707493956487,0.9546827794561992
Bel_data,2024-05-21,0.059312210200927,1.0706193353474371
Bel_data,2024-05-22,0.034470180558089,1.1419939577039333
Bel_data,2024-05-23,0.017277856135402,1.1790030211480418
Bel_data,2024-05-24,0.030155979202773,1.2447129909365615
Bel_data,2024-05-27,-0.009253028263795,1.2239425981873175
Bel_data,2024-05-28,-0.018169468500594,1.183534743202424
Bel_data,2024-05-29,0.010549982704946,1.2065709969788583
Bel_data,2024-05-30,-0.005134348793428,1.1952416918429067
Bel_data,2024-05-31,0.018234990538448,1.2352719033232686
Bel_data,2024-06-03,0.076702145632708,1.4067220543806704
Bel_data,2024-06-04,-0.198022909147968,0.9301359516616361
Bel_data,2024-06-05,0.018783017022109,0.9663897280966813
Bel_data,2024-06-06,0.051085077779911,1.0668429003021185
Bel_data,2024-06-07,0.034898593093367,1.1389728096676763
Bel_data,2024-06-10,0.000706214689265,1.140483383685802
Bel_data,2024-06-11,0.009880028228652,1.161631419939578
Bel_data,2024-06-12,0.015024458420685,1.1941087613293062
Bel_data,2024-06-13,0.035800344234079,1.2726586102719044
Bel_data,2024-06-14,0.028913260219342,1.3383685800604241
Bel_data,2024-06-18,0.027939276485788,1.4037009063444117
Bel_data,2024-06-19,-0.028122545168892,1.3361027190332342
Bel_data,2024-06-20,0.00840607824119,1.3557401812688843
Bel_data,2024-06-21,-0.022282782943251,1.3032477341389748
Bel_data,2024-06-24,0.015740285292671,1.3395015105740202
Bel_data,2024-06-25,-0.000161420500404,1.3391238670694876
Bel_data,2024-06-26,-0.00920245398773,1.3175981873111797
Bel_data,2024-06-27,-0.007658465048069,1.2998489425981892
Bel_data,2024-06-28,0.004597701149425,1.3104229607250764
Bel_data,2024-07-01,0.005720823798627,1.3236404833836866
Bel_data,2024-07-02,-0.005038192751503,1.3119335347432042
Bel_data,2024-07-03,0.027442012414244,1.3753776435045344
Bel_data,2024-07-04,0.00906200317965,1.3969033232628418
Bel_data,2024-07-05,0.021112336536947,1.4475075528700936
Bel_data,2024-07-08,0.032556704212313,1.527190332326287
Bel_data,2024-07-09,0.000597728631201,1.528700906344413
Bel_data,2024-07-10,-0.002837514934289,1.5215256797583105
Bel_data,2024-07-11,0.00494233937397,1.5339879154078564
Bel_data,2024-07-12,-0.007153502235469,1.515861027190335
Bel_data,2024-07-15,-0.005103572500751,1.5030211480362552
Bel_data,2024-07-16,-0.015841882920941,1.4633685800604255
Bel_data,2024-07-18,-0.038632531043998,1.368202416918432
Bel_data,2024-07-19,-0.02312230904162,1.3134441087613324
Bel_data,2024-07-22,0.019588638589618,1.358761329305139
Bel_data,2024-07-23,-0.03474223503042,1.276812688821754
Bel_data,2024-07-24,-0.00447835461934,1.2666163141993971
Bel_data,2024-07-25,0.004498500499833,1.276812688821753
Bel_data,2024-07-26,0.028031182617349,1.3406344410876128
Bel_data,2024-07-29,0.036947402387867,1.4271148036253773
Bel_data,2024-07-30,-0.010113583320367,1.4025679758308156
Bel_data,2024-07-31,-0.006444514303678,1.3870845921450154
Bel_data,2024-08-01,-0.015503875968992,1.350075528700907
Bel_data,2024-08-02,-0.026353848626065,1.2881419939577037
Bel_data,2024-08-05,-0.04192110909391,1.1922205438066462
Bel_data,2024-08-06,-0.010335917312662,1.1695619335347418
Bel_data,2024-08-07,0.045082680591819,1.267371601208458
Bel_data,2024-08-08,-0.006495669553631,1.2526435045317204
Bel_data,2024-08-09,0.013243922883487,1.2824773413897264
Bel_data,2024-08-12,-0.00264725347452,1.276435045317219
Bel_data,2024-08-13,-0.017418712674187,1.2367824773413885
Bel_data,2024-08-14,-0.008272834712139,1.2182779456193344
Bel_data,2024-08-16,0.032686414708887,1.2907854984894258
Bel_data,2024-08-19,-0.003791625453347,1.282099697885195
Bel_data,2024-08-20,0.003309614429919,1.2896525679758297
Bel_data,2024-08-21,0.007422068283028,1.3066465256797568
Bel_data,2024-08-22,-0.002946954813359,1.299848942598187
Bel_data,2024-08-23,0.004926108374384,1.311178247734138
Bel_data,2024-08-26,0.002287581699346,1.316465256797581
Bel_data,2024-08-27,-0.018910987936094,1.2726586102719009
Bel_data,2024-08-28,-0.003157195081422,1.2654833836857993
Bel_data,2024-08-29,-0.012502083680613,1.237160120845921
Bel_data,2024-08-30,0.010465901417961,1.2605740181268885
Bel_data,2024-09-02,-0.00801871032409,1.242447129909365
Bel_data,2024-09-03,0.000842034355002,1.244335347432024
Bel_data,2024-09-04,0.006057546693589,1.257930513595166
Bel_data,2024-09-05,-0.027931092155879,1.1948640483383683
Bel_data,2024-09-06,-0.024088093599449,1.1419939577039284
Bel_data,2024-09-09,-0.007228490832158,1.1265105740181278
Bel_data,2024-09-10,0.014917421417155,1.1582326283987925
Bel_data,2024-09-11,0.008048993875766,1.1756042296072526
Bel_data,2024-09-12,0.012671411213331,1.2031722054380682
Bel_data,2024-09-13,-0.005999314364073,1.1899546827794572
Bel_data,2024-09-16,0.001551991722711,1.1933534743202427
Bel_data,2024-09-17,-0.021005509641873,1.1472809667673731
Bel_data,2024-09-18,-0.005100246218783,1.1363293051359529
Bel_data,2024-09-19,-0.035884744564257,1.059667673716013
Bel_data,2024-09-20,0.017051705170517,1.0947885196374632
Bel_data,2024-09-23,0.032269695330809,1.1623867069486407
Bel_data,2024-09-24,0.019210618232623,1.20392749244713
Bel_data,2024-09-25,-0.006682659355723,1.1891993957703928
Bel_data,2024-09-26,0.002242539244437,1.1941087613293058
Bel_data,2024-09-27,0.010154905335628,1.2163897280966771
Bel_data,2024-09-30,-0.028454591923667,1.153323262839879
Bel_data,2024-10-01,-0.004033672395651,1.1446374622356488
Bel_data,2024-10-03,-0.018489170628632,1.1049848942598177
Bel_data,2024-10-04,-0.005382131324004,1.0936555891238666
Bel_data,2024-10-07,-0.03553391053391,1.0192598187311184
Bel_data,2024-10-08,0.048251355900505,1.1166918429003032
Bel_data,2024-10-09,0.007671721677074,1.1329305135951673
Bel_data,2024-10-10,0.015934844192635,1.1669184290030232
Bel_data,2024-10-11,-0.003485535029627,1.159365558912389
Bel_data,2024-10-14,-0.000699545295558,1.1578549848942616
Bel_data,2024-10-15,0.011025551277564,1.1816465256797608
Bel_data,2024-10-16,-0.010905314176909,1.1578549848942612
Bel_data,2024-10-17,-0.004025201260063,1.1491691842900318
Bel_data,2024-10-18,0.009137234229485,1.168806646525681
Bel_data,2024-10-21,-0.016890127111266,1.1321752265861038
Bel_data,2024-10-22,-0.037725823591924,1.051737160120846
Bel_data,2024-10-23,-0.011043622308117,1.029078549848943
Bel_data,2024-10-24,0.010050251256282,1.049471299093657
Bel_data,2024-10-25,0.003685277317118,1.0570241691842912
Bel_data,2024-10-28,-0.00844501560492,1.0396525679758324
Bel_data,2024-10-29,0.050361044251064,1.1423716012084597
Bel_data,2024-10-30,0.017274810505905,1.1793806646525682
Bel_data,2024-10-31,-0.012649454167389,1.1518126888217517
Bel_data,2024-11-01,0.013162513162513,1.1801359516616308
Bel_data,2024-11-04,-0.015589814654426,1.1461480362537753
Bel_data,2024-11-05,0.007742389582967,1.1627643504531715
Bel_data,2024-11-06,0.054129561725162,1.2798338368580064
Bel_data,2024-11-07,-0.004969355640219,1.268504531722054
Bel_data,2024-11-08,-0.008656567338106,1.2488670694864035
Bel_data,2024-11-11,0.00671704450042,1.2639728096676728
Bel_data,2024-11-12,-0.032026688907423,1.1914652567975819
Bel_data,2024-11-13,-0.029639841461313,1.126510574018126
Bel_data,2024-11-14,-0.002131060202451,1.1219788519637448
Bel_data,2024-11-18,-0.01032212137391,1.1000755287009047
Bel_data,2024-11-19,0.003416651681352,1.1072507552870072
Bel_data,2024-11-21,-0.012724014336918,1.0804380664652538
M&M_data,2023-11-02,0.010380860717723,0.010380860717722928
M&M_data,2023-11-03,-0.000476287677757,0.009899628763921475
M&M_data,2023-11-06,0.013138189244384,0.02316788120445512
M&M_data,2023-11-07,-0.005744809514211,0.017289976625876724
M&M_data,2023-11-08,0.005169792194628,0.02254915440671068
M&M_data,2023-11-09,0.043465106897943,0.06699436271139958
M&M_data,2023-11-10,-0.018008440449728,0.04777945827031571
M&M_data,2023-11-12,0.0014106685913,0.04925752784270698
M&M_data,2023-11-13,0.009172809172809,0.058882166918741374
M&M_data,2023-11-15,0.002532056484337,0.061563316375636834
M&M_data,2023-11-16,0.016416798886119,0.07899078784545721
M&M_data,2023-11-17,0.00958904109589,0.08933727485219412
M&M_data,2023-11-20,-0.020415890946956,0.06709748384435743
M&M_data,2023-11-21,0.00486406390929,0.0722879142032189
M&M_data,2023-11-22,-0.010450392691136,0.06108208442183605
M&M_data,2023-11-23,0.001554958048528,0.06273202254915655
M&M_data,2023-11-24,0.00475466571789,0.06778495806407503
M&M_data,2023-11-28,0.008273242338398,0.0766190017874353
M&M_data,2023-11-29,0.033875035918393,0.1130895091434092
M&M_data,2023-11-30,0.017695015749491,0.1327856455382952
M&M_data,2023-12-01,-0.013503262023972,0.11748934414959722
M&M_data,2023-12-04,0.019286373423562,0.13904166093771764
M&M_data,2023-12-05,0.017623804206778,0.15911590815344723
M&M_data,2023-12-06,0.009697221316094,0.17035611164581654
M&M_data,2023-12-07,-0.005727208646617,0.16365323800357756
M&M_data,2023-12-08,-0.014238029125927,0.14708510930840335
M&M_data,2023-12-11,-0.00979892721225,0.13584490581603448
M&M_data,2023-12-12,-0.01016826050115,0.12429533892479272
M&M_data,2023-12-13,0.018802739390975,0.1454351711810835
M&M_data,2023-12-14,0.022446958557153,0.17114670699849066
M&M_data,2023-12-15,0.012562002876347,0.18585865530043
M&M_data,2023-12-18,-0.008203136322792,0.17613089509143776
M&M_data,2023-12-19,-0.006692775309797,0.1682593152756804
M&M_data,2023-12-20,-0.030835319386824,0.13223566616252236
M&M_data,2023-12-21,-0.007954096967121,0.12322975388423285
M&M_data,2023-12-22,0.000244820515959,0.12350474357211949
M&M_data,2023-12-26,0.017133241548111,0.14275402172418894
M&M_data,2023-12-27,0.015460971574673,0.16042210917090993
M&M_data,2023-12-28,0.027548209366391,0.1923896603877393
M&M_data,2023-12-29,-0.002911585805298,0.18891791557817017
M&M_data,2024-01-01,-0.015091939400948,0.17097483844356298
M&M_data,2024-01-02,-0.02765220454412,0.13859480269490376
M&M_data,2024-01-03,-0.000573602221954,0.13794170218617263
M&M_data,2024-01-04,-0.008186074611086,0.12862642650901046
M&M_data,2024-01-05,0.000182737406347,0.1288326687749255
M&M_data,2024-01-08,-0.01574299634592,0.11106146019524665
M&M_data,2024-01-09,0.008507873650342,0.12051423071635226
M&M_data,2024-01-10,0.001779250260752,0.12250790595353078
M&M_data,2024-01-11,-0.002541646251837,0.11965488794170676
M&M_data,2024-01-12,-0.002578822951524,0.1167674962188967
M&M_data,2024-01-15,0.006833081966204,0.12439846005775279
M&M_data,2024-01-16,-0.009293509828498,0.11394885191805804
M&M_data,2024-01-17,-0.013978461443515,0.09837756084147364
M&M_data,2024-01-18,0.012236339738374,0.11181768183693652
M&M_data,2024-01-19,0.02368217653424,0.13814794445208833
M&M_data,2024-01-20,-0.020083960013289,0.11528942664650543
M&M_data,2024-01-23,-0.01670467854281,0.09665887529218065
M&M_data,2024-01-24,0.020624373119358,0.11927677712086204
M&M_data,2024-01-25,0.004545175357779,0.1243640863467661
M&M_data,2024-01-29,0.002751452155304,0.1274577203354914
M&M_data,2024-01-30,-0.011981707317073,0.11394885191805715
M&M_data,2024-01-31,0.019255099206961,0.13539804757321972
M&M_data,2024-02-01,-0.000242196724289,0.1351230578853333
M&M_data,2024-02-02,0.005814129546074,0.14172281039461443
M&M_data,2024-02-05,0.025771488785187,0.17114670699849133
M&M_data,2024-02-06,0.014146928472895,0.18771483569366554
M&M_data,2024-02-07,-0.003849159262582,0.18314313213254918
M&M_data,2024-02-08,-0.020395119116793,0.15901278702049026
M&M_data,2024-02-09,-0.02342962216027,0.13185755534167876
M&M_data,2024-02-12,0.008533770651118,0.14151656812869962
M&M_data,2024-02-13,-0.008250775392213,0.13209817131858004
M&M_data,2024-02-14,0.006254744193108,0.13917915578166307
M&M_data,2024-02-15,0.065176065900244,0.21342637151107313
M&M_data,2024-02-16,0.039942211268803,0.26189330400110555
M&M_data,2024-02-19,0.007082345890877,0.270830468857423
M&M_data,2024-02-20,0.00275891915285,0.2743365873779793
M&M_data,2024-02-21,0.003236857011842,0.27846143269628043
M&M_data,2024-02-22,0.027263194687172,0.31331637563591985
M&M_data,2024-02-23,0.010259900018321,0.3267908703423681
M&M_data,2024-02-26,-7.7722220783e-05,0.32668774920941046
M&M_data,2024-02-27,0.010778318996787,0.34098721297951884
M&M_data,2024-02-28,-0.025094842612529,0.3073353499243838
M&M_data,2024-02-29,0.01617016801199,0.3284751821806746
M&M_data,2024-03-01,0.020984268267439,0.35635226179018886
M&M_data,2024-03-02,-0.006513089535974,0.3475182180668286
M&M_data,2024-03-04,-0.019922452936075,0.32067234978688863
M&M_data,2024-03-05,0.009473985580802,0.3331843805857335
M&M_data,2024-03-06,0.016191826737141,0.3547710710848404
M&M_data,2024-03-07,-0.037094359729023,0.3045167056235456
M&M_data,2024-03-11,-0.001686385075492,0.30231678812045204
M&M_data,2024-03-12,0.00042230844353,0.3028667674962262
M&M_data,2024-03-13,-0.021871619660713,0.2743709610889662
M&M_data,2024-03-14,0.019879160597723,0.2997043860855284
M&M_data,2024-03-15,-0.048160588188622,0.2371098583803175
M&M_data,2024-03-18,0.031425395943318,0.2759865255053009
M&M_data,2024-03-19,-0.006546159855607,0.2676337137357425
M&M_data,2024-03-20,0.000271164379847,0.26797745084560076
M&M_data,2024-03-21,0.011629798308393,0.28272377285852546
M&M_data,2024-03-22,0.006940536484712,0.29162656400385734
M&M_data,2024-03-26,-0.007903981264637,0.2814175718410634
M&M_data,2024-03-27,0.009227715335712,0.29324212842019226
M&M_data,2024-03-28,0.021369906706004,0.3208785920528059
M&M_data,2024-04-01,-0.002810523850418,0.3171662312663348
M&M_data,2024-04-02,0.029228320154493,0.35566478757047415
M&M_data,2024-04-03,0.008798397525292,0.36759246528255995
M&M_data,2024-04-04,0.006736037802242,0.3768046198267647
M&M_data,2024-04-05,0.005292854646228,0.384091846555763
M&M_data,2024-04-08,0.032185963343764,0.42864017599340953
M&M_data,2024-04-09,0.006159472595159,0.437439846005784
M&M_data,2024-04-10,-0.007030465349849,0.42733397497594816
M&M_data,2024-04-12,-0.002528658125421,0.4237247353224358
M&M_data,2024-04-15,-0.00845022815616,0.4116939364773926
M&M_data,2024-04-16,-0.010786724780248,0.396466382510666
M&M_data,2024-04-18,-0.003126076896569,0.39210092121546425
M&M_data,2024-04-19,0.028617990567668,0.4319400522480503
M&M_data,2024-04-22,0.003720773920976,0.43726797745085566
M&M_data,2024-04-23,-0.013416879917729,0.4179843255878004
M&M_data,2024-04-24,-0.002012023659459,0.4151313075759757
M&M_data,2024-04-25,0.018654813087517,0.44153031761309913
M&M_data,2024-04-26,-0.024775258125283,0.4058160318988133
M&M_data,2024-04-29,0.008386718176928,0.4176062147669557
M&M_data,2024-04-30,0.045731189835358,0.48243503368624663
M&M_data,2024-05-02,0.013355902334964,0.5022342912140894
M&M_data,2024-05-03,0.003592430725579,0.5076309638388652
M&M_data,2024-05-06,0.014569083447332,0.5295957651588152
M&M_data,2024-05-07,-0.015034045708892,0.50659975250929
M&M_data,2024-05-08,-0.00415240702715,0.500343737109868
M&M_data,2024-05-09,0.013815065982405,0.521071084834329
M&M_data,2024-05-10,-0.008813360150053,0.5076653375498523
M&M_data,2024-05-13,-0.004012676409567,0.501615564416344
M&M_data,2024-05-14,0.039212544351608,0.560497731335085
M&M_data,2024-05-15,0.014273756553152,0.5827718960539081
M&M_data,2024-05-16,0.030165486687226,0.6305169806132378
M&M_data,2024-05-17,0.060229788131127,0.7287226728997778
M&M_data,2024-05-18,-0.004334685437048,0.7212292039048644
M&M_data,2024-05-21,0.007568798178696,0.7342568403684979
M&M_data,2024-05-22,-0.000634253661824,0.7331568816169509
M&M_data,2024-05-23,0.034965589734436,0.7937577340849837
M&M_data,2024-05-24,-0.011286984516327,0.7735116183143247
M&M_data,2024-05-27,-0.011880996220564,0.7524405334800057
M&M_data,2024-05-28,0.001451492683692,0.7549841880929571
M&M_data,2024-05-29,-0.007501566906926,0.7418190567853804
M&M_data,2024-05-30,-0.015846703372605,0.7142169668637519
M&M_data,2024-05-31,0.005113294565871,0.7229822631651401
M&M_data,2024-06-03,0.050972568578554,0.8108070947339574
M&M_data,2024-06-04,-0.023196659073652,0.7688024199092636
M&M_data,2024-06-05,0.065315402852812,0.8843324625326658
M&M_data,2024-06-06,-0.014994801072621,0.8560772721023064
M&M_data,2024-06-07,0.05837361334889,0.9644232091296687
M&M_data,2024-06-10,-0.017463122714308,0.9301182455658026
M&M_data,2024-06-11,0.009973108226033,0.9493675237178714
M&M_data,2024-06-12,-0.016927932852533,0.9163687611714666
M&M_data,2024-06-13,0.026600419723413,0.9673449745634648
M&M_data,2024-06-14,0.023377712548485,1.0133369998625161
M&M_data,2024-06-18,0.011370620774432,1.0362298913790853
M&M_data,2024-06-19,-0.009470272460245,1.01694623951603
M&M_data,2024-06-20,-0.021354193295499,0.9738759796507748
M&M_data,2024-06-21,-0.010883950961271,0.9523924102846248
M&M_data,2024-06-24,0.026708216693956,1.0045373298501419
M&M_data,2024-06-25,-0.002194937924412,1.0001374948439543
M&M_data,2024-06-26,-0.019901010517633,0.9603327375223525
M&M_data,2024-06-27,0.013133438541119,0.9860786470507459
M&M_data,2024-06-28,-0.007719067481265,0.9707479719510617
M&M_data,2024-07-01,0.003209320984424,0.977072734772455
M&M_data,2024-07-02,-0.003720639115392,0.9697167606214856
M&M_data,2024-07-03,0.004467479887615,0.9785164306338603
M&M_data,2024-07-04,0.008634618391564,0.9956001649938229
M&M_data,2024-07-05,-0.00764778834229,0.9803382373161111
M&M_data,2024-07-08,-0.010154134555301,0.9602296163893957
M&M_data,2024-07-09,0.026005225594894,1.0112058297813942
M&M_data,2024-07-10,-0.066142539736797,0.8781795682662006
M&M_data,2024-07-11,-0.012426793557833,0.8548398185068165
M&M_data,2024-07-12,0.002186764515113,0.8588959164031458
M&M_data,2024-07-15,0.010022374674088,0.8775264677574701
M&M_data,2024-07-16,0.009410300067739,0.89519455520419
M&M_data,2024-07-18,0.022744173392582,0.9382991887804313
M&M_data,2024-07-19,-0.024880739151253,0.8900728722673001
M&M_data,2024-07-22,0.020168770232423,0.928193317750595
M&M_data,2024-07-23,0.005918531063375,0.9396053897978938
M&M_data,2024-07-24,-0.005617877966222,0.9287089234153827
M&M_data,2024-07-25,0.002103011940831,0.9327650213117125
M&M_data,2024-07-26,0.027175072917408,0.985288051698074
M&M_data,2024-07-29,0.015652053466306,1.0163618864292707
M&M_data,2024-07-30,-0.003716331401296,1.008868417434357
M&M_data,2024-07-31,-0.004893740802847,0.9990375360924078
M&M_data,2024-08-01,-0.027305866978472,0.9444520830468959
M&M_data,2024-08-02,-0.027842596521001,0.8903134882442012
M&M_data,2024-08-05,-0.025712363391704,0.8417090609102267
M&M_data,2024-08-06,-0.01717090651188,0.8100852468032549
M&M_data,2024-08-07,0.018192521696196,0.8430152619276874
M&M_data,2024-08-08,0.00078333364418,0.8444589577890926
M&M_data,2024-08-09,0.024674332358039,0.889969751134343
M&M_data,2024-08-12,-0.011458087045087,0.8683143132132642
M&M_data,2024-08-13,0.000147185987894,0.8685893029011511
M&M_data,2024-08-14,0.010007174260959,0.887288601677447
M&M_data,2024-08-16,0.034678080320554,0.9527361473944835
M&M_data,2024-08-19,-0.026509883997254,0.9009693386498112
M&M_data,2024-08-20,0.002224110807732,0.9051973051010695
M&M_data,2024-08-21,-0.00068559881644,0.9038911040836075
M&M_data,2024-08-22,-0.013161695674153,0.8788326687749319
M&M_data,2024-08-23,0.009531824585155,0.8967413721985533
M&M_data,2024-08-26,0.012359550561798,0.9201842430908953
M&M_data,2024-08-27,-0.004403709140382,0.9117283101883784
M&M_data,2024-08-28,0.006185270425777,0.9235528667675073
M&M_data,2024-08-29,-0.014438884917798,0.8957789082909509
M&M_data,2024-08-30,0.017333913548013,0.9286401759934129
M&M_data,2024-09-02,-0.01012333357097,0.9091159081534574
M&M_data,2024-09-03,0.00282679150162,0.9145125807782333
M&M_data,2024-09-04,-0.012657773309155,0.8902791145332172
M&M_data,2024-09-05,-0.009637765493163,0.8720610477107222
M&M_data,2024-09-06,-0.009180713157798,0.8548741922178034
M&M_data,2024-09-09,0.00398428523776,0.8622645400797588
M&M_data,2024-09-10,-0.0069586724994,0.8493056510380981
M&M_data,2024-09-11,-0.013289962825279,0.8247284476832235
M&M_data,2024-09-12,0.032645756805124,0.8842980888216814
M&M_data,2024-09-13,-0.000656718596082,0.8830606352261905
M&M_data,2024-09-16,0.006681026614581,0.8956414134470063
M&M_data,2024-09-17,0.010970479437151,0.9164375085934386
M&M_data,2024-09-18,0.007371800620594,0.9305651038086176
M&M_data,2024-09-19,-0.003810269923795,0.9232091296576475
M&M_data,2024-09-20,0.054816800714924,1.028633301251213
M&M_data,2024-09-23,0.033532710913805,1.0966588752921878
M&M_data,2024-09-24,0.008033313659912,1.1135019936752482
M&M_data,2024-09-25,0.00544839475653,1.1250171868555041
M&M_data,2024-09-26,0.029132495430355,1.1869242403409976
M&M_data,2024-09-27,0.000801609506146,1.188677299601276
M&M_data,2024-09-30,-0.027876808066213,1.1276639626014138
M&M_data,2024-10-01,0.022811722511228,1.1761996425134171
M&M_data,2024-10-03,-0.011262043910915,1.1516911865805133
M&M_data,2024-10-04,-0.035912264166014,1.07441908428435
M&M_data,2024-10-07,0.014167591840793,1.1038086071772422
M&M_data,2024-10-08,0.034523887327626,1.1764402584903189
M&M_data,2024-10-09,-0.004058941516496,1.167606214766959
M&M_data,2024-10-10,0.013098636219474,1.1959989000412627
M&M_data,2024-10-11,-0.018767805152929,1.1547848205692421
M&M_data,2024-10-14,0.006556383301163,1.1689124157844217
M&M_data,2024-10-15,0.000285270531554,1.1695311425821666
M&M_data,2024-10-16,-0.027821788453007,1.1091709060910349
M&M_data,2024-10-17,-0.033702737940026,1.0380860717723217
M&M_data,2024-10-18,-0.000118059771976,1.0378454557954209
M&M_data,2024-10-21,0.011453150037952,1.0611852055548043
M&M_data,2024-10-22,-0.037022213327997,0.984875567166243
M&M_data,2024-10-23,-0.032453588251593,0.9204592327787826
M&M_data,2024-10-24,0.011759441560766,0.9430427608964782
M&M_data,2024-10-25,-0.037327294921011,0.8705142307163598
M&M_data,2024-10-28,0.022107062131319,0.911865805032323
M&M_data,2024-10-29,-0.012261776339446,0.8884229341399816
M&M_data,2024-10-30,-0.014270632349194,0.8614739447270838
M&M_data,2024-10-31,0.007700262215164,0.8758077822081782
M&M_data,2024-11-01,0.032654706712356,0.9370617351849411
M&M_data,2024-11-04,0.023530246836903,0.9826412759521623
M&M_data,2024-11-05,0.005374573068188,0.9932971263577728
M&M_data,2024-11-06,0.012105744192864,1.0174274714698308
M&M_data,2024-11-07,-0.014721166788775,0.9877285851780668
M&M_data,2024-11-08,0.028896536220105,1.0451670562354027
M&M_data,2024-11-11,-0.01489125684897,1.0147119483019496
M&M_data,2024-11-12,-0.010936327032007,0.9926783995600275
M&M_data,2024-11-13,-0.034362008590502,0.9242059672762382
M&M_data,2024-11-14,0.00294753389664,0.929877629588902
M&M_data,2024-11-18,0.014142205756626,0.957170356111658
M&M_data,2024-11-19,0.035846007938459,1.0273271002337534
M&M_data,2024-11-21,-0.004306617609658,1.0185961776433499
Trent_data,2023-11-02,-0.003549245785271,-0.003549245785271049
Trent_data,2023-11-03,0.003036737676097,-0.0005232862375720293
Trent_data,2023-11-06,0.016708399726838,0.016176370213637048
Trent_data,2023-11-07,0.08543793659323,0.10299638249948839
Trent_data,2023-11-08,0.011901815181518,0.11612404158988032
Trent_data,2023-11-09,0.010273763173451,0.12759083566536988
Trent_data,2023-11-10,0.004560037125966,0.1327326917389029
Trent_data,2023-11-12,0.001968385321469,0.13496234614246982
Trent_data,2023-11-13,0.025979753432896,0.16444838805087247
Trent_data,2023-11-15,-0.002305543072625,0.16176370213637248
Trent_data,2023-11-16,-0.003309637114937,0.15791868586899538
Trent_data,2023-11-17,0.012457264117578,0.17234318476554433
Trent_data,2023-11-20,0.017990218910107,0.19343389529724853
Trent_data,2023-11-21,-0.003431512725193,0.18933861169885935
Trent_data,2023-11-22,0.005126733620277,0.19543603394534936
Trent_data,2023-11-23,0.010619873246674,0.20813141310035577
Trent_data,2023-11-24,-0.002015027965575,0.20569699451686896
Trent_data,2023-11-28,0.008321696795864,0.21573043933292269
Trent_data,2023-11-29,0.001740432300926,0.2178463358587568
Trent_data,2023-11-30,0.041324166791212,0.26817282096785044
Trent_data,2023-12-01,0.007427341227126,0.27759197324414564
Trent_data,2023-12-04,0.003258895181109,0.28175551156917455
Trent_data,2023-12-05,0.020554875126471,0.30810183605214503
Trent_data,2023-12-06,-0.002400208713801,0.3049621186267135
Trent_data,2023-12-07,-0.007897902609969,0.29465565490410084
Trent_data,2023-12-08,-0.001370729649937,0.2928810320114652
Trent_data,2023-12-11,0.014113258015697,0.3111277955998437
Trent_data,2023-12-12,0.000746165058652,0.3121061133483478
Trent_data,2023-12-13,0.027708900487246,0.34846313107182425
Trent_data,2023-12-14,0.007187568543421,0.35815530225467906
Trent_data,2023-12-15,0.001675182176062,0.3604304598093404
Trent_data,2023-12-18,-0.006120913119826,0.3521033831592826
Trent_data,2023-12-19,0.00987733261539,0.36545855800514104
Trent_data,2023-12-20,-0.017278725673154,0.34186517416330964
Trent_data,2023-12-21,0.00211939842995,0.34470912110663576
Trent_data,2023-12-22,0.003485381700054,0.3493959456692366
Trent_data,2023-12-26,0.001517450682853,0.3514435874684314
Trent_data,2023-12-27,0.013720538720539,0.3699861215389162
Trent_data,2023-12-28,0.005065183093913,0.3769253520806306
Trent_data,2023-12-29,0.009567085261071,0.39009851432211606
Trent_data,2024-01-01,-0.017299792140624,0.36605009896935314
Trent_data,2024-01-02,-0.002298391126212,0.36291038154392097
Trent_data,2024-01-03,0.021083733974359,0.39164562145928516
Trent_data,2024-01-04,0.003106250102179,0.39596842081314
Trent_data,2024-01-05,-0.000749710709454,0.3949218483379968
Trent_data,2024-01-08,-0.006850320497138,0.3853661866084215
Trent_data,2024-01-09,0.023287513754085,0.4176279207335092
Trent_data,2024-01-10,0.01866504036335,0.44408800309421204
Trent_data,2024-01-11,0.000693219057222,0.44508907241826257
Trent_data,2024-01-12,0.011445934882549,0.4616294678406452
Trent_data,2024-01-15,-0.005868343632769,0.45305212385957505
Trent_data,2024-01-16,-0.008517834215389,0.44067526676222024
Trent_data,2024-01-17,-0.005764189381258,0.4323709416877084
Trent_data,2024-01-18,0.0012389408644,0.4341455645803445
Trent_data,2024-01-19,0.018497660030142,0.46067390166768796
Trent_data,2024-01-20,-0.005436052397938,0.4527336018019219
Trent_data,2024-01-23,-0.008911232224519,0.4397879553159032
Trent_data,2024-01-24,0.018519981669643,0.4664528018565266
Trent_data,2024-01-25,0.002808160732294,0.47057083703046265
Trent_data,2024-01-29,0.004517606287518,0.4772142970900721
Trent_data,2024-01-30,-0.05897301626417,0.39009851432211495
Trent_data,2024-01-31,0.010474803188268,0.40465952267194294
Trent_data,2024-02-01,0.005134517889827,0.41187177212021786
Trent_data,2024-02-02,0.007493231919557,0.4224512547493906
Trent_data,2024-02-05,-0.031637369843733,0.3774486383182021
Trent_data,2024-02-06,0.002593198222751,0.38102063567901956
Trent_data,2024-02-07,0.188632619439868,0.6415261756876647
Trent_data,2024-02-08,0.064989604989605,0.7482083134257029
Trent_data,2024-02-09,-0.021447442054165,0.7107137169248956
Trent_data,2024-02-12,0.01130454442686,0.7300525561395119
Trent_data,2024-02-13,0.012940387422575,0.7524401064773736
Trent_data,2024-02-14,0.01811100292113,0.7841785543648907
Trent_data,2024-02-15,0.008071920428462,0.7985803016858926
Trent_data,2024-02-16,0.018202977749105,0.8313198188974595
Trent_data,2024-02-19,0.005603041296029,0.8415807794689785
Trent_data,2024-02-20,-0.005250608452862,0.8319113598616705
Trent_data,2024-02-21,-0.032576566730421,0.7722339772029205
Trent_data,2024-02-22,0.015212786443289,0.7991945942256491
Trent_data,2024-02-23,-0.017248356095094,0.7681614451800769
Trent_data,2024-02-26,-0.010602707293222,0.7494141469296722
Trent_data,2024-02-27,0.024163762159913,0.7916865742952677
Trent_data,2024-02-28,-0.003225396825397,0.7859076741064293
Trent_data,2024-02-29,-0.010955972278842,0.766341319136348
Trent_data,2024-03-01,0.005010562110361,0.7751916820239777
Trent_data,2024-03-02,0.002140339634732,0.7789911951402602
Trent_data,2024-03-04,0.002608962553714,0.7836325165517681
Trent_data,2024-03-05,-0.017220266340119,0.75291788956385
Trent_data,2024-03-06,0.005113828102692,0.761882010329213
Trent_data,2024-03-07,0.020712809917355,0.7983755375059693
Trent_data,2024-03-11,0.013283740701382,0.822264691829907
Trent_data,2024-03-12,0.00097385571953,0.8240393147225431
Trent_data,2024-03-13,-0.016102878810557,0.7946670306918744
Trent_data,2024-03-14,0.034748545277063,0.8570290992651233
Trent_data,2024-03-15,-0.004214549998775,0.8492025572770903
Trent_data,2024-03-18,0.001759393685868,0.8524560325802544
Trent_data,2024-03-19,-0.028346495375886,0.7999453962186862
Trent_data,2024-03-20,0.002376347755742,0.8042226924214484
Trent_data,2024-03-21,0.009281093554936,0.8209678520237502
Trent_data,2024-03-22,-0.013306345815061,0.7967374240666134
Trent_data,2024-03-26,-0.016930051157372,0.7663185675608009
Trent_data,2024-03-27,-0.001687383267856,0.7633381111641955
Trent_data,2024-03-28,0.01878612716763,0.7964644051600545
Trent_data,2024-04-01,-0.015501519756839,0.7686164766910077
Trent_data,2024-04-02,0.001312133374498,0.7709371373967613
Trent_data,2024-04-03,0.007952413988026,0.78502036266011
Trent_data,2024-04-04,0.020482557324394,0.8215821445635063
Trent_data,2024-04-05,-0.01763589128697,0.7894569198916987
Trent_data,2024-04-08,-0.00019071352286,0.7891156462584998
Trent_data,2024-04-09,-0.007502829456871,0.7756922166860027
Trent_data,2024-04-10,0.030443194485374,0.8297499601847396
Trent_data,2024-04-12,0.008132002039218,0.8446294905922207
Trent_data,2024-04-15,-0.020881384363013,0.8061110731918157
Trent_data,2024-04-16,0.004786858812859,0.8147566718995263
Trent_data,2024-04-18,0.02479815455594,0.8597592883307139
Trent_data,2024-04-19,0.017579701989185,0.8924533023911867
Trent_data,2024-04-22,0.002320297190397,0.8968443564716826
Trent_data,2024-04-23,-0.002470853523965,0.8921575319090813
Trent_data,2024-04-24,0.01525863934781,0.9210292812777243
Trent_data,2024-04-25,0.024018475750577,0.9671694764862417
Trent_data,2024-04-26,-0.004233024530724,0.9588423998361839
Trent_data,2024-04-29,0.002148739212748,0.9630514413123052
Trent_data,2024-04-30,0.022206253911592,1.0066434600596028
Trent_data,2024-05-02,0.05369736275199,1.1143949218483313
Trent_data,2024-05-03,-0.026481158671746,1.0584032944281314
Trent_data,2024-05-06,-0.003227482232268,1.0517598343685228
Trent_data,2024-05-07,-0.001131058648718,1.0494391736627682
Trent_data,2024-05-08,-0.00118784622387,1.0470047550792816
Trent_data,2024-05-09,-0.020150713555328,1.0057561486132847
Trent_data,2024-05-10,0.014394446397985,1.0346278979819274
Trent_data,2024-05-13,-0.001274768528872,1.0320342183696152
Trent_data,2024-05-14,0.016716304274806,1.066002320660699
Trent_data,2024-05-15,-0.0029403019591,1.0599276499897554
Trent_data,2024-05-16,0.015385464987851,1.0916205947261792
Trent_data,2024-05-17,0.008245135044,1.1088662889905083
Trent_data,2024-05-18,0.001823262236895,1.1127113052578856
Trent_data,2024-05-21,0.005233685117381,1.1237685709735366
Trent_data,2024-05-22,-0.004360122554796,1.1145086797260682
Trent_data,2024-05-23,0.011104057500081,1.1379883056901665
Trent_data,2024-05-24,0.003586212767769,1.1456555866493736
Trent_data,2024-05-27,-0.007083174280019,1.1304575341842398
Trent_data,2024-05-28,-0.014117898334045,1.1003799513116266
Trent_data,2024-05-29,0.012164474966962,1.125929970650466
Trent_data,2024-05-30,-0.004430603268373,1.11651081837417
Trent_data,2024-05-31,-0.019822202156363,1.0745569130662282
Trent_data,2024-06-03,0.022602897469923,1.1214479102677841
Trent_data,2024-06-04,-0.026607610141135,1.0650012513366534
Trent_data,2024-06-05,0.08057247997532,1.2313835233089865
Trent_data,2024-06-06,-0.005169460418451,1.2198484745068567
Trent_data,2024-06-07,0.017659297522779,1.2590494391736602
Trent_data,2024-06-10,0.000976916569311,1.2612563420016816
Trent_data,2024-06-11,-0.012647274849329,1.2326576115395977
Trent_data,2024-06-12,0.024752374352912,1.2879211885423043
Trent_data,2024-06-13,-0.000835313889082,1.2860100561963899
Trent_data,2024-06-14,0.044129502274152,1.3868905421700424
Trent_data,2024-06-18,0.021360963102058,1.4378768229699879
Trent_data,2024-06-19,-0.00014932059131,1.437512797761241
Trent_data,2024-06-20,-0.003668234767025,1.4285714285714248
Trent_data,2024-06-21,-0.013265506871645,1.3963551975974298
Trent_data,2024-06-24,0.024571097629288,1.455236275112048
Trent_data,2024-06-25,-0.010554603159894,1.429322230564464
Trent_data,2024-06-26,0.004682700232262,1.4406980183377676
Trent_data,2024-06-27,-0.006487937656139,1.42486292175733
Trent_data,2024-06-28,0.028307374741978,1.4935044251814427
Trent_data,2024-07-01,0.00653302553902,1.5097945532728123
Trent_data,2024-07-02,0.003671371461206,1.5190089413691883
Trent_data,2024-07-03,-0.007550714427645,1.4999886242122251
Trent_data,2024-07-04,0.018811088258313,1.54701613086706
Trent_data,2024-07-05,0.004010754897319,1.5572315882874856
Trent_data,2024-07-08,-0.004564138151924,1.5455600300320773
Trent_data,2024-07-09,-0.000250256960272,1.5449229859167715
Trent_data,2024-07-10,-0.004443172979787,1.5336154528701074
Trent_data,2024-07-11,0.012077945402299,1.5642163219802936
Trent_data,2024-07-12,0.002839270662349,1.571496826155209
Trent_data,2024-07-15,0.004299933642999,1.582554091870859
Trent_data,2024-07-16,-0.004977491168257,1.569699451687026
Trent_data,2024-07-18,-0.059993271120713,1.4155347757832186
Trent_data,2024-07-19,-0.026777809173966,1.3508520465042166
Trent_data,2024-07-22,0.008487616982976,1.3708051782585895
Trent_data,2024-07-23,0.010287512955357,1.3951948672445522
Trent_data,2024-07-24,0.004378965766177,1.405683343571539
Trent_data,2024-07-25,0.004369331454458,1.4161945714740716
Trent_data,2024-07-26,0.015706362583452,1.4541441994858118
Trent_data,2024-07-29,0.023000546969879,1.5105908584169416
Trent_data,2024-07-30,0.018686337767789,1.5575046071940442
Trent_data,2024-07-31,0.038875544880349,1.6569289923327157
Trent_data,2024-08-01,-0.011680082205857,1.6258958432871449
Trent_data,2024-08-02,-0.040297705690719,1.520078265419877
Trent_data,2024-08-05,-0.03455062519749,1.4330079858030143
Trent_data,2024-08-06,-0.023602461239223,1.3755830091233783
Trent_data,2024-08-07,0.048221502863601,1.4901371920005433
Trent_data,2024-08-08,0.031366207091888,1.568243350852045
Trent_data,2024-08-09,0.11184245495296,1.8554819921279537
Trent_data,2024-08-12,0.017050841785717,1.9041703637976912
Trent_data,2024-08-13,-0.000101843364905,1.9038745933155847
Trent_data,2024-08-14,0.008876945014651,1.9296521284098893
Trent_data,2024-08-16,0.009948201014235,1.9587968966850924
Trent_data,2024-08-19,0.028835506889764,2.044115304984868
Trent_data,2024-08-20,0.015545822807516,2.0914385821218104
Trent_data,2024-08-21,-0.001574942227586,2.086569744954838
Trent_data,2024-08-22,0.030457601132209,2.180579255113417
Trent_data,2024-08-23,-0.005872843285931,2.1619002115896526
Trent_data,2024-08-26,-0.003331534448642,2.1513662321115734
Trent_data,2024-08-27,-0.00804262446575,2.1260209769526544
Trent_data,2024-08-28,0.05417837231983,2.2953837053215937
Trent_data,2024-08-29,-0.009865922867677,2.2628717038654913
Trent_data,2024-08-30,-0.001659542719279,2.2574568288854
Trent_data,2024-09-02,-0.00147372097084,2.2526562464450657
Trent_data,2024-09-03,-0.01474497076187,2.2046959251928193
Trent_data,2024-09-04,0.013787130118703,2.2488794849043297
Trent_data,2024-09-05,0.003886609056149,2.261506609332695
Trent_data,2024-09-06,-0.008942958989348,2.2323390894819455
Trent_data,2024-09-09,0.004659642009981,2.247400632493799
Trent_data,2024-09-10,0.000182158295559,2.247992173458011
Trent_data,2024-09-11,0.00152704908272,2.2529520169271717
Trent_data,2024-09-12,0.008623764661449,2.2810047095761377
Trent_data,2024-09-13,0.003141252340337,2.2913111732987503
Trent_data,2024-09-16,0.011841313950354,2.3302846222100886
Trent_data,2024-09-17,0.011566103732852,2.3688030396104924
Trent_data,2024-09-18,-0.009110617347318,2.3381111641981196
Trent_data,2024-09-19,-0.001342693565976,2.3336291038154378
Trent_data,2024-09-20,0.018973130498284,2.396878483835006
Trent_data,2024-09-23,0.021205200163426,2.4689099720155623
Trent_data,2024-09-24,-0.000275465832399,2.4679544058426037
Trent_data,2024-09-25,-0.000846306756677,2.4650194525970917
Trent_data,2024-09-26,0.030269603015141,2.5699042158669467
Trent_data,2024-09-27,-0.001491319754251,2.5645803471890405
Trent_data,2024-09-30,-0.033068664871006,2.4467044342820716
Trent_data,2024-10-01,0.005023334411491,2.4640183832730393
Trent_data,2024-10-03,-0.016393657966293,2.40723045070871
Trent_data,2024-10-04,-0.017975667410088,2.345983209337246
Trent_data,2024-10-07,0.013082561570995,2.3897572406889163
Trent_data,2024-10-08,0.079528827438083,2.6593406593406574
Trent_data,2024-10-09,0.022245848332805,2.7407457966464164
Trent_data,2024-10-10,-0.023355249153068,2.6533797465474476
Trent_data,2024-10-11,0.025669927822789,2.7471617409505598
Trent_data,2024-10-14,-0.00523379012623,2.727549882829386
Trent_data,2024-10-15,-0.008252104225541,2.6967897526903744
Trent_data,2024-10-16,-0.039197464381327,2.551884968034039
Trent_data,2024-10-17,-0.011036665043942,2.5126840033672346
Trent_data,2024-10-18,0.006269714300519,2.5347075284963507
Trent_data,2024-10-21,-0.020790288425023,2.4612199394808116
Trent_data,2024-10-22,-0.01435604840565,2.411530498487024
Trent_data,2024-10-23,0.001860657432293,2.4178781880645284
Trent_data,2024-10-24,-0.003101992997218,2.407275953859808
Trent_data,2024-10-25,-0.016900373931624,2.349691716151346
Trent_data,2024-10-28,-0.007281174225187,2.3253020271653826
Trent_data,2024-10-29,0.014019171165254,2.37192000546038
Trent_data,2024-10-30,-0.021301431790886,2.3000932814597417
Trent_data,2024-10-31,-0.017111458886307,2.243623870953065
Trent_data,2024-11-01,0.002896883570532,2.253020271653815
Trent_data,2024-11-04,-0.011924744719541,2.214228835346851
Trent_data,2024-11-05,-0.013505574234649,2.1708188292039248
Trent_data,2024-11-06,-0.001851227335022,2.1649489227129
Trent_data,2024-11-07,-0.064690278846085,1.9602074943689862
Trent_data,2024-11-08,-0.031750057643532,1.8662207357859555
Trent_data,2024-11-11,0.028854015351765,1.9489227128978706
Trent_data,2024-11-12,0.007383461663092,1.970695970695973
Trent_data,2024-11-13,-0.004641153089124,1.956908515914729
Trent_data,2024-11-14,-0.005424537375447,1.9408686551543721
Trent_data,2024-11-18,-0.024965186445923,1.867449320865472
Trent_data,2024-11-19,0.019391746606048,1.9230541715013798
Trent_data,2024-11-21,0.005697517843661,1.9397083248014964
